{
    "loss": 59.542694091796875,
    "accuracy": 0.48201438784599304
}