{
    "loss": 1.4664841890335083,
    "accuracy": 0.8848921060562134
}